名前,名前（カナ）,詳細業種,紹介文,郵便番号,住所,電話番号,公式URL,最寄駅,タウンページ詳細ページ
"菜園矯正歯科クリニック","サイエンキョウセイシカクリニック","Z147600__矯正歯科/","日曜日も診療　
通院しやすいよう予約制となっております。","020-0026","岩手県盛岡市開運橋通","019-621-8484","http://www.saienkyousei.com","盛岡駅/上盛岡駅/","https://itp.ne.jp/info/035346773000000899/"
"医療法人佐藤誠歯科医院白翆会","イリョウホウジンサトウマコトシカイインハクスイカイ","Z147600__矯正歯科/Z241500__歯科/Z243000__歯科口腔外科/Z278700__小児歯科/","●歯科●小児歯科●矯正歯科　
平日・土曜も18時迄診療","020-0132","岩手県盛岡市西青山２丁目","019-645-3330","http://www.implant-iwate.jp/","青山駅/","https://itp.ne.jp/info/031621483000000899/"
"マモインプラントクリニックマリオス","マモインプラントクリニックマリオス","Z243000__歯科口腔外科/","歯の事ならお任せ下さい！
歯科用CT　手術室あり","020-0045","岩手県盛岡市盛岡駅西通２丁目","019-681-8861","http://www.mamo-clinic.com/","盛岡駅/","https://itp.ne.jp/info/032124900149861030/"
"松本陽子デンタルクリニック","マツモトヨウコデンタルクリニック","Z241500__歯科/Z243000__歯科口腔外科/Z278700__小児歯科/","夜8時まで診察します！","020-0866","岩手県盛岡市本宮２丁目","019-656-4618","http://www.yoko-dc.com/","仙北町駅/","https://itp.ne.jp/info/038892030158460630/"
"はし歯科こども歯科","ハシシカコドモシカ","Z147600__矯正歯科/Z241500__歯科/Z278700__小児歯科/","平日夜7時まで診療　
歯科 ・小児歯科・矯正歯科","020-0122","岩手県盛岡市みたけ２丁目","019-648-0035","","厨川駅/","https://itp.ne.jp/info/030913817114830150/"
"愛歯科診療所","アイシカシンリョウジョ","Z147600__矯正歯科/Z241500__歯科/Z278700__小児歯科/","盛岡市の歯科　
平日夜7時まで診療いたします","020-0851","岩手県盛岡市向中野１丁目","019-681-9888","http://www.ai-morioka.net/","仙北町駅/","https://itp.ne.jp/info/032302553163460990/"
"栃内歯科医院","トチナイシカイイン","Z147600__矯正歯科/Z241500__歯科/Z278700__小児歯科/","歯科・小児歯科・矯正歯科　
◆新患・急患随時受付
◆在宅訪問診療","020-0884","岩手県盛岡市神明町","019-625-1588","http://tochinai-dental.com/","","https://itp.ne.jp/info/035147973000000899/"
"菊月歯科医院","キクヅキシカイイン","Z147600__矯正歯科/Z241500__歯科/Z278700__小児歯科/","盛岡市松園の歯医者さん　
歯科・矯正歯科・小児歯科　
駐車場有","020-0107","岩手県盛岡市松園２丁目","019-662-7720","http://kikuzuki-dental.com/","","https://itp.ne.jp/info/036912983000000899/"
"まゆみ歯科・小児歯科医院","マユミシカシヨウニシカイイン","Z147600__矯正歯科/Z241500__歯科/Z278700__小児歯科/","■・小児歯科・歯科・矯正歯科・■
土曜日・日曜日も診療します！","020-0881","岩手県盛岡市天神町","019-651-6480","http://douga-plus.itp.ne.jp/embed/TLjIBvMuw7D_","","https://itp.ne.jp/info/037579583000000899/"
"岩渕歯科医院","イワブチシカイイン","Z147600__矯正歯科/Z241500__歯科/Z278700__小児歯科/","歯科／小児歯科／矯正歯科　
土曜日PM5：00まで診療","020-0881","岩手県盛岡市天神町","019-654-1017","","山岸駅/","https://itp.ne.jp/info/038051783000000899/"
"鈴木歯科診療室","スズキシカシンリョウシツ","Z147600__矯正歯科/Z241500__歯科/Z278700__小児歯科/","「生涯をご自身の歯で」を目標に頑張っています。
盛岡市　歯科","020-0127","岩手県盛岡市前九年２丁目","019-646-7733","http://www.suzukishika.com/","青山駅/","https://itp.ne.jp/info/038096483000000899/"
"仙北坂歯科クリニック","センボクザカシカクリニツク","Z147600__矯正歯科/Z241500__歯科/Z278700__小児歯科/","平日夕方7時迄・土曜夕方5時迄診療　
本宮郵便局近く","020-0866","岩手県盛岡市本宮２丁目","019-635-1641","http://www.senbokuzaka.com/","仙北町駅/盛岡駅/","https://itp.ne.jp/info/037658083000000899/"
"高橋衛歯科医院","タカハシマモルシカイイン","Z278700__小児歯科/Z147600__矯正歯科/Z241500__歯科/Z243000__歯科口腔外科/","日曜日・祝日も休まず診療　
夜7時まで診療","020-0136","岩手県盛岡市北天昌寺町","019-645-6969","http://www.mamoru-shika.com/","青山駅/","https://itp.ne.jp/info/035132483000000899/"
"医療法人小川歯科医院","イリョウホウジンオガワシカイイン","Z147600__矯正歯科/Z241500__歯科/Z243000__歯科口腔外科/Z278700__小児歯科/","◆歯科　◆小児歯科　◆矯正歯科　◆歯科口腔外科","020-0402","岩手県盛岡市黒川９地割","019-696-2227","http://ogawa-dental.or.jp/","","https://itp.ne.jp/info/037377393000000899/"
"ながの脳神経クリニック","ナガノノウシンケイクリニック","Z325800__整形外科/Z296700__神経内科/Z147600__矯正歯科/Z183000__外科/Z241500__歯科/Z278700__小児歯科/Z456900__脳神経外科/Z599100__リハビリテーション科/","頭痛・めまい・認知症等脳に関する事はご相談下さい。","020-0835","岩手県盛岡市津志田１６地割","019-639-0123","http://www.nagano-clinic.jp/","岩手飯岡駅/","https://itp.ne.jp/info/034459283000000899/"
"大浦内科・歯科クリニック","オオウラナイカシカクリニック","Z440400__内科/Z210601__呼吸器内科/Z009900__アレルギー科/Z000053__医院・診療所/Z147600__矯正歯科/Z241500__歯科/Z278100__小児科/Z278700__小児歯科/","禁煙指導　
生活習慣病の予防指導　
各種予防接種","020-0836","岩手県盛岡市津志田西２丁目","019-639-3315","","岩手飯岡駅/","https://itp.ne.jp/info/039093545192050780/"
"サロンド宗‐ＹＡ","サロンドソーヤ","Z084300__貸衣裳/Z138000__着付/Z140900__着物レンタル/Z492900__美容院/Z510225__ブライダル衣裳レンタル/Z522900__ヘアデザイナー/Z562350__メイクアップサービス/","“オゾンパーマ＆カラー”で
髪がツルツル・サラサラに蘇る！","020-0015","岩手県盛岡市本町通２丁目","019-622-9322","http://douga-plus.itp.ne.jp/embed/UyNyh9FFCVp3q","上盛岡駅/盛岡駅/","https://itp.ne.jp/info/033164873000000899/"
"吉田整形外科・リウマチ科クリニック","ヨシダセイケイゲカリウマチカクリニック","Z597300__リウマチ科/Z325800__整形外科/Z599100__リハビリテーション科/","整形外科・リウマチ科・リハビリテーション科","020-0015","岩手県盛岡市本町通１丁目","019-604-3820","","上盛岡駅/","https://itp.ne.jp/info/034112049079141350/"
"手代森歯科クリニック","テシロモリシカクリニック","Z241500__歯科/Z278700__小児歯科/","■歯科・小児歯科　
土曜も14：30まで診療　
駐車場12台あり","020-0401","岩手県盛岡市手代森７地割","019-675-1133","https://www.teshiromori-dental.com/","","https://itp.ne.jp/info/037555093000000899/"
"小笠原眼科クリニック","オガサワラガンカクリニツク","Z120300__眼科/","★三高前バス停徒歩2分（ソフィアコンタクト隣り）
◎駐車場有り","020-0114","岩手県盛岡市高松３丁目","019-662-3223","http://ogasawara-eye-clinic.or.jp/","","https://itp.ne.jp/info/031919883000000899/"
"だいこく歯科医院","ダイコクシカイイン","Z278700__小児歯科/Z241500__歯科/","★歯科・小児歯科　盛岡市のベルフ仙北そば
■歯科予防指導","020-0861","岩手県盛岡市仙北３丁目","019-635-8141","http://www.daikoku-dental.com/","仙北町駅/","https://itp.ne.jp/info/036152183000000899/"
"パール美容院／新田町本店・ブライダルサロン","パールビヨウイン／シンデンマチホンテンブライダルサロン","Z138000__着付/Z492900__美容院/Z510225__ブライダル衣裳レンタル/Z562350__メイクアップサービス/Z084300__貸衣裳/","◆洗練された技術で最高の花嫁に！
挙式当日まで万全なサポート","020-0042","岩手県盛岡市新田町","019-653-5666","http://pearl-hair.com/","盛岡駅/","https://itp.ne.jp/info/038159683000000899/"
"ポラーノ矯正歯科","ポラーノキョウセイシカ","Z147600__矯正歯科/","","020-0063","岩手県盛岡市材木町","019-654-8040","","盛岡駅/上盛岡駅/","https://itp.ne.jp/info/032200814177571780/"
"和矯正・デンタルクリニック","ナゴミキョウセイデンタルクリニック","Z147600__矯正歯科/Z241500__歯科/","","020-0148","岩手県盛岡市前潟４丁目","019-645-7530","","","https://itp.ne.jp/info/037995111130531420/"
"なかの矯正歯科","ナカノキョウセイシカ","Z147600__矯正歯科/Z241500__歯科/","","020-0807","岩手県盛岡市加賀野２丁目","019-604-8883","","山岸駅/","https://itp.ne.jp/info/032894773000000899/"
"やすの矯正歯科クリニック","ヤスノキョウセイシカクリニック","Z147600__矯正歯科/Z241500__歯科/","","020-0034","岩手県盛岡市盛岡駅前通","019-622-3877","http://www.yasuno1188.com","盛岡駅/上盛岡駅/","https://itp.ne.jp/info/037100873000000899/"
"三條矯正歯科","サンジヨウキヨウセイシカ","Z147600__矯正歯科/","","020-0015","岩手県盛岡市本町通２丁目","019-654-3775","","上盛岡駅/盛岡駅/","https://itp.ne.jp/info/038123783000000899/"
"菜園矯正歯科クリニック","サイエンキョウセイシカクリニック","Z147600__矯正歯科/","","020-0024","岩手県盛岡市菜園２丁目","0120-053102","","盛岡駅/上盛岡駅/","https://itp.ne.jp/info/037054110181820900/"
"なかの矯正歯科","ナカノキョウセイシカ","Z147600__矯正歯科/Z241500__歯科/","","020-0807","岩手県盛岡市加賀野２丁目","019-604-8800","","山岸駅/","https://itp.ne.jp/info/036694773000000899/"
"池田歯科医院","イケダシカイイン","Z147600__矯正歯科/","","020-0066","岩手県盛岡市上田１丁目","0120-418148","","上盛岡駅/盛岡駅/","https://itp.ne.jp/info/032063511125821140/"
"さとう歯科クリニック","サトウシカクリニツク","Z147600__矯正歯科/Z241500__歯科/Z278700__小児歯科/","","020-0834","岩手県盛岡市永井２０地割","019-637-7373","","岩手飯岡駅/","https://itp.ne.jp/info/039180283000000899/"
"ささき歯科医院","ササキシカイイン","Z147600__矯正歯科/Z241500__歯科/Z278700__小児歯科/","","020-0831","岩手県盛岡市三本柳３地割","019-637-8211","http://www.sasakidental-office.e-doctor.info/","","https://itp.ne.jp/info/030901283000000899/"
"小田中歯科医院","オダナカシカイイン","Z147600__矯正歯科/Z241500__歯科/Z243000__歯科口腔外科/","","020-0843","岩手県盛岡市湯沢西３丁目","019-637-7774","","","https://itp.ne.jp/info/031590283000000899/"
"外川歯科医院","ソトカワシカイイン","Z147600__矯正歯科/Z241500__歯科/Z278700__小児歯科/","","020-0004","岩手県盛岡市山岸１丁目","019-653-6480","","山岸駅/上盛岡駅/","https://itp.ne.jp/info/031689683000000899/"
"中ノ橋歯科クリニック","ナカノハシシカクリニック","Z147600__矯正歯科/Z241500__歯科/Z278700__小児歯科/","","020-0871","岩手県盛岡市中ノ橋通１丁目","019-653-5233","","仙北町駅/","https://itp.ne.jp/info/031829683000000899/"
"ヒデデンタルクリニック","ヒデデンタルクリニック","Z147600__矯正歯科/Z241500__歯科/","","020-0866","岩手県盛岡市本宮７丁目","019-631-1418","","","https://itp.ne.jp/info/033523330163060760/"
"池田歯科医院","イケダシカイイン","Z241500__歯科/Z147600__矯正歯科/","","020-0066","岩手県盛岡市上田１丁目","019-654-0633","","上盛岡駅/盛岡駅/","https://itp.ne.jp/info/033821783000000899/"
"木のまち歯科医院","キノマチシカイイン","Z278700__小児歯科/Z147600__矯正歯科/Z241500__歯科/","","020-0063","岩手県盛岡市材木町","019-626-4618","","盛岡駅/上盛岡駅/","https://itp.ne.jp/info/034744755174720720/"
"まえひがし歯科医院","マエヒガシシカイイン","Z147600__矯正歯科/Z241500__歯科/Z278700__小児歯科/","","020-0025","岩手県盛岡市大沢川原３丁目","019-623-4400","","盛岡駅/上盛岡駅/","https://itp.ne.jp/info/035067873000000899/"
"守口歯科クリニック","モリグチシカクリニツク","Z147600__矯正歯科/Z241500__歯科/Z278700__小児歯科/","","020-0103","岩手県盛岡市西松園３丁目","019-663-1717","http://www.moriguchi-1717.com/","","https://itp.ne.jp/info/035774983000000899/"
"安藤歯科医院","アンドウシカイイン","Z241500__歯科/Z415200__デンタルドック/Z147600__矯正歯科/","","020-0034","岩手県盛岡市盛岡駅前通","019-626-5525","http://www.and-o.com/","盛岡駅/上盛岡駅/","https://itp.ne.jp/info/036143626185741990/"
"松田歯科医院","マツダシカイイン","Z147600__矯正歯科/Z241500__歯科/Z278700__小児歯科/","","020-0871","岩手県盛岡市中ノ橋通１丁目","019-624-8848","http://matsuda-shikaiin.net/index.php","上盛岡駅/仙北町駅/","https://itp.ne.jp/info/036356973000000899/"
"中ノ橋歯科クリニック","ナカノハシシカクリニック","Z241500__歯科/Z278700__小児歯科/Z147600__矯正歯科/","","020-0871","岩手県盛岡市中ノ橋通１丁目","0120-505233","","仙北町駅/","https://itp.ne.jp/info/030651914186840110/"
"まゆみ歯科・小児歯科医院","マユミシカショウニシカイイン","Z147600__矯正歯科/Z241500__歯科/Z278700__小児歯科/","","020-0881","岩手県盛岡市天神町","0120-053418","","","https://itp.ne.jp/info/032679583000000899/"
"ゆう歯科医院","ユウシカイイン","Z147600__矯正歯科/Z241500__歯科/","","020-0834","岩手県盛岡市永井１７地割","019-681-6045","","岩手飯岡駅/","https://itp.ne.jp/info/030020401169180110/"
"高山歯科医院","タカヤマシカイイン","Z147600__矯正歯科/Z241500__歯科/Z278700__小児歯科/","","020-0822","岩手県盛岡市茶畑１丁目","019-651-8241","","仙北町駅/","https://itp.ne.jp/info/030090683000000899/"
"渋民歯科クリニック","シブタミシカクリニツク","Z147600__矯正歯科/Z241500__歯科/Z278700__小児歯科/","","028-4132","岩手県盛岡市渋民字泉田","019-683-1800","","上盛岡駅/","https://itp.ne.jp/info/030103193000000899/"
"白石歯科クリニック","シライシシカクリニツク","Z147600__矯正歯科/Z241500__歯科/Z278700__小児歯科/","","020-0853","岩手県盛岡市下飯岡１１地割","019-638-0666","","","https://itp.ne.jp/info/030322283000000899/"
"ながの歯科クリニック","ナガノシカクリニック","Z147600__矯正歯科/Z241500__歯科/Z278700__小児歯科/","","020-0835","岩手県盛岡市津志田１４地割","019-639-0124","","岩手飯岡駅/","https://itp.ne.jp/info/030559283000000899/"
"内田歯科クリニック","ウチダシカクリニツク","Z147600__矯正歯科/Z241500__歯科/Z278700__小児歯科/","","020-0022","岩手県盛岡市大通３丁目","019-622-0888","","盛岡駅/上盛岡駅/","https://itp.ne.jp/info/030827773000000899/"
"大浦内科・歯科クリニック","オオウラナイカシカクリニック","Z241500__歯科/Z147600__矯正歯科/","","020-0836","岩手県盛岡市津志田西２丁目","019-639-3317","","岩手飯岡駅/","https://itp.ne.jp/info/030895645192051570/"
"和田歯科","ワダシカ","Z147600__矯正歯科/Z241500__歯科/Z278700__小児歯科/","","020-0884","岩手県盛岡市神明町","019-652-5011","","上盛岡駅/","https://itp.ne.jp/info/030915683000000899/"
"攝待歯科医院","セツタイシカイイン","Z278700__小児歯科/Z147600__矯正歯科/Z241500__歯科/","","020-0106","岩手県盛岡市東松園３丁目","019-663-0110","","","https://itp.ne.jp/info/031173983000000899/"
"小笠原歯科クリニック","オガサワラシカクリニツク","Z147600__矯正歯科/Z241500__歯科/Z278700__小児歯科/","","020-0866","岩手県盛岡市本宮３丁目","019-635-3500","","盛岡駅/仙北町駅/","https://itp.ne.jp/info/031789083000000899/"
"野手歯科医院","ノテシカイイン","Z147600__矯正歯科/Z241500__歯科/Z278700__小児歯科/","","020-0122","岩手県盛岡市みたけ６丁目","019-641-0086","","厨川駅/","https://itp.ne.jp/info/033001383000000899/"
"はしば歯科医院","ハシバシカイイン","Z147600__矯正歯科/Z241500__歯科/","","020-0004","岩手県盛岡市山岸４丁目","019-662-7171","","山岸駅/","https://itp.ne.jp/info/033981983000000899/"
"ふじむら歯科医院","フジムラシカイイン","Z241500__歯科/Z147600__矯正歯科/Z278700__小児歯科/","","020-0878","岩手県盛岡市肴町","019-625-2418","","仙北町駅/上盛岡駅/","https://itp.ne.jp/info/034287973000000899/"
"千葉歯科","チバシカ","Z147600__矯正歯科/Z241500__歯科/Z243000__歯科口腔外科/","","020-0033","岩手県盛岡市盛岡駅前北通","019-653-3321","","盛岡駅/上盛岡駅/","https://itp.ne.jp/info/035148683000000899/"
"黒石野歯科医院","クロイシノシカイイン","Z147600__矯正歯科/Z241500__歯科/Z278700__小児歯科/","","020-0111","岩手県盛岡市黒石野２丁目","019-662-5678","","厨川駅/","https://itp.ne.jp/info/035190983000000899/"
"中野歯科クリニック","ナカノシカクリニック","Z278700__小児歯科/Z147600__矯正歯科/Z241500__歯科/","","020-0816","岩手県盛岡市中野１丁目","019-653-1821","","","https://itp.ne.jp/info/035510638062530180/"
"りょうわ歯科医院","リヨウワシカイイン","Z147600__矯正歯科/Z241500__歯科/Z278700__小児歯科/","","020-0063","岩手県盛岡市材木町","019-653-3636","","盛岡駅/上盛岡駅/","https://itp.ne.jp/info/036758683000000899/"
"はぎわら歯科クリニック","ハギワラシカクリニツク","Z147600__矯正歯科/Z241500__歯科/Z278700__小児歯科/","","020-0042","岩手県盛岡市新田町","019-626-3363","","盛岡駅/","https://itp.ne.jp/info/038860083000000899/"
"天日歯科医院","テンニチシカイイン","Z147600__矯正歯科/Z241500__歯科/Z278700__小児歯科/","","020-0022","岩手県盛岡市大通１丁目","019-652-2820","","上盛岡駅/盛岡駅/","https://itp.ne.jp/info/039773683000000899/"
"岡村歯科医院","オカムラシカイイン","Z241500__歯科/Z243000__歯科口腔外科/Z147600__矯正歯科/","","020-0022","岩手県盛岡市大通２丁目","019-625-8241","","盛岡駅/上盛岡駅/","https://itp.ne.jp/info/031539973000000899/"
"さいとう歯科医院","サイトウシカイイン","Z147600__矯正歯科/Z241500__歯科/Z278700__小児歯科/","","020-0124","岩手県盛岡市厨川１丁目","019-641-3558","","厨川駅/","https://itp.ne.jp/info/030573383000000899/"
"よしき歯科・ＴＡＫＥＤＡインプラントクリニック","ヨシキシカタケダインプラントクリニック","Z147600__矯正歯科/Z241500__歯科/Z243000__歯科口腔外科/Z278700__小児歯科/","","020-0066","岩手県盛岡市上田１丁目","0120-224618","","上盛岡駅/","https://itp.ne.jp/info/520000135605950001/"
"小泉歯科医院","コイズミシカイイン","Z147600__矯正歯科/Z241500__歯科/Z243000__歯科口腔外科/Z278700__小児歯科/","","020-0861","岩手県盛岡市仙北３丁目","019-635-2292","","仙北町駅/","https://itp.ne.jp/info/030809083000000899/"
"よしき歯科・ＴＡＫＥＤＡインプラントクリニック","ヨシキシカタケダインプラントクリニック","Z147600__矯正歯科/Z241500__歯科/Z243000__歯科口腔外科/Z278700__小児歯科/","","020-0066","岩手県盛岡市上田１丁目","019-606-4618","","上盛岡駅/","https://itp.ne.jp/info/031750100109140180/"
"赤ちゃんこども歯科","アカチャンコドモシカ","Z147600__矯正歯科/Z241500__歯科/Z243000__歯科口腔外科/Z278700__小児歯科/","","020-0066","岩手県盛岡市上田２丁目","019-654-5545","https://www.akakodomo.com/","上盛岡駅/","https://itp.ne.jp/info/034714783000000899/"
"みやの歯科医院","ミヤノシカイイン","Z243000__歯科口腔外科/Z278700__小児歯科/Z147600__矯正歯科/Z241500__歯科/","","020-0141","岩手県盛岡市中屋敷町","019-643-5773","","","https://itp.ne.jp/info/035738383000000899/"
"高橋歯科医院","タカハシシカイイン","Z147600__矯正歯科/Z241500__歯科/Z243000__歯科口腔外科/","","020-0022","岩手県盛岡市大通１丁目","019-651-0202","","上盛岡駅/盛岡駅/","https://itp.ne.jp/info/038925583000000899/"
"松舘歯科医院","マツダテシカイイン","Z147600__矯正歯科/Z241500__歯科/Z243000__歯科口腔外科/Z278700__小児歯科/","","020-0051","岩手県盛岡市下太田沢田","019-659-2566","","","https://itp.ne.jp/info/039729783000000899/"
"ただしデンタルオフィス","タダシデンタルオフィス","Z147600__矯正歯科/Z241500__歯科/Z243000__歯科口腔外科/Z278700__小児歯科/","","020-0122","岩手県盛岡市みたけ２丁目","019-681-0180","http://www.tadashi-dental-office.jp/","厨川駅/","https://itp.ne.jp/info/520000091686120001/"
"国分通り歯科","コクブンドオリシカ","Z147600__矯正歯科/Z241500__歯科/Z243000__歯科口腔外科/Z278700__小児歯科/","","020-0121","岩手県盛岡市月が丘３丁目","019-648-8080","","","https://itp.ne.jp/info/520000160808540001/"
"高橋衛歯科医院","タカハシマモルシカイイン","Z147600__矯正歯科/Z241500__歯科/Z243000__歯科口腔外科/Z278700__小児歯科/","","020-0136","岩手県盛岡市北天昌寺町","0120-981418","","青山駅/","https://itp.ne.jp/info/032685300142160640/"
"前田歯科医院","マエダシカイイン","Z147600__矯正歯科/Z241500__歯科/Z243000__歯科口腔外科/Z278700__小児歯科/","","020-0133","岩手県盛岡市青山４丁目","0120-364874","","青山駅/","https://itp.ne.jp/info/036460483000000899/"
"前田歯科医院","マエダシカイイン","Z147600__矯正歯科/Z241500__歯科/Z243000__歯科口腔外科/Z278700__小児歯科/","","020-0133","岩手県盛岡市青山４丁目","019-645-2135","","青山駅/","https://itp.ne.jp/info/031114634114130350/"
"まつうら歯科クリニック","マツウラシカクリニック","Z243000__歯科口腔外科/Z147600__矯正歯科/Z241500__歯科/Z278700__小児歯科/","","020-0133","岩手県盛岡市青山３丁目","019-681-3719","","青山駅/","https://itp.ne.jp/info/031465506114951820/"
"松嶋歯科医院","マツシマシカイイン","Z243000__歯科口腔外科/Z147600__矯正歯科/Z241500__歯科/Z278700__小児歯科/","","020-0866","岩手県盛岡市本宮１丁目","019-634-0488","","仙北町駅/盛岡駅/","https://itp.ne.jp/info/033241954115281210/"
"細川歯科医院","ホソカワシカイイン","Z147600__矯正歯科/Z241500__歯科/Z243000__歯科口腔外科/Z278700__小児歯科/","","020-0011","岩手県盛岡市三ツ割２丁目","019-665-0118","","上盛岡駅/山岸駅/","https://itp.ne.jp/info/038407983000000899/"
"盛岡友愛病院","モリオカユウアイビョウイン","Z597300__リウマチ科/Z307200__心療内科/Z009900__アレルギー科/Z000051__総合病院/Z120300__眼科/Z147600__矯正歯科/Z183000__外科/Z207905__肛門外科/Z210601__呼吸器内科/Z241500__歯科/Z258000__耳鼻咽喉科/Z273005__循環器内科/Z273905__消化器内科/Z278100__小児科/Z278700__小児歯科/Z296700__神経内科/Z300300__心臓血管外科/Z325800__整形外科/Z440400__内科/Z456900__脳神経外科/Z490500__泌尿器科/Z491400__皮膚科/Z504900__婦人科/Z535200__放射線科/Z599100__リハビリテーション科/Z450300__人間ドック/","","020-0834","岩手県盛岡市永井１２地割","019-638-2222","","岩手飯岡駅/","https://itp.ne.jp/info/034953283000000899/"
"共生機構株式会社盛岡営業所","キョウセイキコウカブシキガイシャモリオカエイギョウショ","Z435900__土木設計/Z435000__土木建築材料/","","020-0024","岩手県盛岡市菜園１丁目","019-601-6350","","盛岡駅/上盛岡駅/","https://itp.ne.jp/info/036795526130760080/"
"まつうら歯科クリニック","マツウラシカクリニック","Z147600__矯正歯科/Z241500__歯科/Z243000__歯科口腔外科/Z278700__小児歯科/","","020-0133","岩手県盛岡市青山３丁目","019-681-3720","","青山駅/","https://itp.ne.jp/info/035290706114951820/"
"よしき歯科・ＴＡＫＥＤＡインプラントクリニック","ヨシキシカタケダインプラントクリニック","Z147600__矯正歯科/Z241500__歯科/Z243000__歯科口腔外科/Z278700__小児歯科/","","020-0066","岩手県盛岡市上田１丁目","019-606-4619","","上盛岡駅/","https://itp.ne.jp/info/037035100109140180/"
"さいとう歯科矯正クリニック","サイトウシカキョウセイクリニック","Z147600__矯正歯科/Z241500__歯科/","歯学博士、DDS、PｈD、ENGLISH　AVAILABLE","027-0054","岩手県宮古市太田１丁目","0193-62-3196","https://ja-jp.facebook.com/saitoshikakyousei/","山口団地駅/","https://itp.ne.jp/info/037646804000000899/"
"久保歯科医院","クボシカイイン","Z147600__矯正歯科/Z241500__歯科/Z278700__小児歯科/","","027-0006","岩手県宮古市鍬ヶ崎上町","0193-63-0648","","","https://itp.ne.jp/info/030254904000000899/"
"佐原歯科医院","サバラシカイイン","Z147600__矯正歯科/Z241500__歯科/Z278700__小児歯科/","","027-0095","岩手県宮古市佐原３丁目","0193-64-6688","","","https://itp.ne.jp/info/033044014000000899/"
"宮古市役所／男女共生推進センター","ミヤコシヤクショ／ダンジョキョウセイスイシンセンター","Z244500__市区町村機関/Z261660__市役所/","","027-0066","岩手県宮古市田の神２丁目","0193-62-2352","","山口団地駅/宮古駅/","https://itp.ne.jp/info/030525804000000899/"
"久保歯科医院","クボシカイイン","Z147600__矯正歯科/Z241500__歯科/Z278700__小児歯科/","","027-0006","岩手県宮古市鍬ヶ崎上町","0193-64-4866","","","https://itp.ne.jp/info/034673014000000899/"
"佐原歯科医院","サバラシカイイン","Z147600__矯正歯科/Z241500__歯科/Z278700__小児歯科/","","027-0095","岩手県宮古市佐原３丁目","0193-64-2304","","","https://itp.ne.jp/info/039082014000000899/"
"渡辺歯科クリニック","ワタナベシカクリニツク","Z147600__矯正歯科/Z241500__歯科/","","022-0004","岩手県大船渡市猪川町字前田","0192-26-5100","","盛駅/","https://itp.ne.jp/info/037627104000000899/"
"いいだ歯科クリニック","イイダシカクリニック","Z147600__矯正歯科/Z241500__歯科/Z278700__小児歯科/","","022-0002","岩手県大船渡市大船渡町字富沢","0192-26-0082","","盛駅/","https://itp.ne.jp/info/031631036159960700/"
"共生型事業所とまり","キョウセイガタジギョウショトマリ","Z273375__障がい者福祉施設/Z502500__福祉施設/Z616200__老人福祉施設/","","022-0101","岩手県大船渡市三陸町越喜来字井戸洞","0192-43-1131","","三陸駅/","https://itp.ne.jp/info/036250004144870290/"
"及川歯科クリニック","オイカワシカクリニツク","Z147600__矯正歯科/Z241500__歯科/","歯科・矯正歯科　
歯の健康相談は当院へ！
鳥谷崎神社通り","025-0077","岩手県花巻市仲町","0198-22-5522","","花巻駅/","https://itp.ne.jp/info/031065334000000899/"
"金子歯科医院","カネコシカイイン","Z147600__矯正歯科/Z241500__歯科/","","025-0087","岩手県花巻市上町","0198-23-3518","","花巻駅/","https://itp.ne.jp/info/035109334000000899/"
"鎌田歯科医院","カマダシカイイン","Z147600__矯正歯科/Z241500__歯科/Z278700__小児歯科/","","025-0315","岩手県花巻市二枚橋町南１丁目","0198-26-2113","","花巻空港駅/","https://itp.ne.jp/info/034583534000000899/"
"にしお歯科クリニック","ニシオシカクリニツク","Z147600__矯正歯科/Z241500__歯科/Z278700__小児歯科/","","028-3203","岩手県花巻市大迫町大迫第３地割","0198-48-3088","","","https://itp.ne.jp/info/039475734000000899/"
"畠山歯科医院","ハタケヤマシカイイン","Z147600__矯正歯科/Z241500__歯科/Z278700__小児歯科/","","025-0091","岩手県花巻市西大通り１丁目","0198-23-4645","","花巻駅/","https://itp.ne.jp/info/031440434000000899/"
"八重樫歯科医院","ヤエガシシカイイン","Z147600__矯正歯科/Z241500__歯科/Z278700__小児歯科/","","025-0088","岩手県花巻市東町","0198-24-1088","","花巻駅/","https://itp.ne.jp/info/038274434000000899/"
"たむら歯科医院","タムラシカイイン","Z147600__矯正歯科/Z241500__歯科/","","025-0021","岩手県花巻市南城","0198-23-6788","","","https://itp.ne.jp/info/038782434000000899/"
"管野歯科医院","カンノシカイイン","Z147600__矯正歯科/Z241500__歯科/","","025-0079","岩手県花巻市末広町","0198-23-5019","","花巻駅/","https://itp.ne.jp/info/039284439083750510/"
"八重樫歯科医院","ヤエガシシカイイン","Z147600__矯正歯科/Z241500__歯科/Z278700__小児歯科/","","025-0088","岩手県花巻市東町","0198-24-8704","","花巻駅/","https://itp.ne.jp/info/036102534000000899/"
"狩野歯科医院","カノウシカイイン","Z147600__矯正歯科/Z241500__歯科/Z278700__小児歯科/","","025-0042","岩手県花巻市円万寺字法船","0198-28-4100","","","https://itp.ne.jp/info/039170634000000899/"
"八森歯科医院","ハチモリシカイイン","Z147600__矯正歯科/Z241500__歯科/Z243000__歯科口腔外科/Z278700__小児歯科/","","025-0016","岩手県花巻市高木第１９地割","0198-24-0648","","","https://itp.ne.jp/info/034224525164871100/"
"こばやかわ歯科医院","コバヤカワシカイイン","Z147600__矯正歯科/Z241500__歯科/Z243000__歯科口腔外科/","","025-0084","岩手県花巻市桜町４丁目","0198-23-7623","","","https://itp.ne.jp/info/034653434000000899/"
"にしお歯科クリニック","ニシオシカクリニック","Z147600__矯正歯科/Z241500__歯科/Z278700__小児歯科/","","028-3203","岩手県花巻市大迫町大迫第３地割","0198-48-3089","","","https://itp.ne.jp/info/031575734000000899/"
"こばやかわ歯科医院","コバヤカワシカイイン","Z147600__矯正歯科/Z241500__歯科/","","025-0084","岩手県花巻市桜町４丁目","0198-23-7634","","","https://itp.ne.jp/info/031753434000000899/"
"管野歯科医院","カンノシカイイン","Z147600__矯正歯科/Z241500__歯科/","","025-0079","岩手県花巻市末広町","0198-23-6215","","花巻駅/","https://itp.ne.jp/info/036963539083750130/"
"サイトウデンタルクリニック","サイトウデンタルクリニツク","Z147600__矯正歯科/Z241500__歯科/Z243000__歯科口腔外科/Z278700__小児歯科/","歯やお口の健康をしっかりサポート！
北上駅から徒歩7分","024-0061","岩手県北上市大通り２丁目","0197-63-3011","https://www.s-d-c.jp/","北上駅/柳原駅/","https://itp.ne.jp/info/037121924000000899/"
"松浦歯科医院","マツウラシカイイン","Z243000__歯科口腔外科/Z278700__小児歯科/Z241500__歯科/","健康な歯を維持して、素敵な毎日を♪　
北上市　松浦歯科医院","024-0031","岩手県北上市青柳町２丁目","0197-72-5537","http://douga-plus.itp.ne.jp/embed/V2wc0ke9BRD","北上駅/柳原駅/","https://itp.ne.jp/info/038053517181061660/"
"おやま歯科矯正クリニック","オヤマシカキョウセイクリニック","Z147600__矯正歯科/Z241500__歯科/","★北上駅西口から徒歩3分
★日曜診療有（第2・4）
★駐車場有","024-0061","岩手県北上市大通り２丁目","0197-65-1182","https://oyama-shika-kyosei.com/","北上駅/柳原駅/","https://itp.ne.jp/info/036373034000000899/"
"美容室シャンポール恵","ビヨウシツシヤンポールケイ","Z084300__貸衣裳/Z138000__着付/Z140900__着物レンタル/Z451200__ネイルサロン/Z492600__ビューティーアドバイザー/Z492900__美容院/Z510225__ブライダル衣裳レンタル/Z510300__ブライダルプロデュース/Z522900__ヘアデザイナー/Z562350__メイクアップサービス/Z541800__訪問理美容/","癒されて、元気になれる＆きれいになれる店","024-0061","岩手県北上市大通り１丁目","0197-64-0355","https://www.shampole-k.com","北上駅/","https://itp.ne.jp/info/030026924000000899/"
"都鳥歯科・小児歯科クリニック","トドリシカショウニシカクリニツク","Z241500__歯科/Z278700__小児歯科/","北上市
★平日18時45分まで、土曜は17時45分まで★","024-0091","岩手県北上市大曲町","0197-64-3033","http://todorishika.com/","柳原駅/北上駅/","https://itp.ne.jp/info/033978924000000899/"
"おやま歯科矯正クリニック","オヤマシカキョウセイクリニック","Z147600__矯正歯科/","","024-0061","岩手県北上市大通り２丁目","0197-65-1274","","北上駅/柳原駅/","https://itp.ne.jp/info/030110511125231950/"
"畠山歯科クリニック","ハタケヤマシカクリニック","Z147600__矯正歯科/Z241500__歯科/","","024-0333","岩手県北上市和賀町長沼６地割","0120-735893","","藤根駅/","https://itp.ne.jp/info/030632234000000899/"
"むらさきの歯科医院","ムラサキノシカイイン","Z147600__矯正歯科/Z241500__歯科/Z278700__小児歯科/","","024-0004","岩手県北上市村崎野１６地割","0197-71-3418","","村崎野駅/","https://itp.ne.jp/info/030019134000000899/"
"医療法人及川歯科医院","イリョウホウジンオイカワシカイイン","Z147600__矯正歯科/Z241500__歯科/Z278700__小児歯科/","","024-0032","岩手県北上市川岸４丁目","0197-65-3334","","北上駅/","https://itp.ne.jp/info/032702915113240420/"
"和賀歯科医院","ワガシカイイン","Z147600__矯正歯科/Z241500__歯科/Z278700__小児歯科/","","024-0024","岩手県北上市中野町３丁目","0197-65-3000","","柳原駅/","https://itp.ne.jp/info/031535034000000899/"
"畠山歯科クリニック","ハタケヤマシカクリニック","Z147600__矯正歯科/Z241500__歯科/","","024-0333","岩手県北上市和賀町長沼６地割","0197-73-5893","","藤根駅/","https://itp.ne.jp/info/032632234000000899/"
"さくらデンタルクリニック","サクラデンタルクリニック","Z241500__歯科/Z278700__小児歯科/Z243000__歯科口腔外科/Z147600__矯正歯科/","","024-0032","岩手県北上市川岸２丁目","0197-62-1110","","北上駅/","https://itp.ne.jp/info/032504446161930870/"
"ファミリー歯科医院","ファミリーシカイイン","Z147600__矯正歯科/Z278700__小児歯科/Z243000__歯科口腔外科/Z241500__歯科/","","024-0072","岩手県北上市北鬼柳１９地割","0197-77-4182","","江釣子駅/","https://itp.ne.jp/info/030096234000000899/"
"社会福祉法人いわて共生会あけぼの","シャカイフクシホウジンイワテキョウセイカイアケボノ","Z502500__福祉施設/","","024-0104","岩手県北上市二子町秋子沢","0197-66-6143","","村崎野駅/","https://itp.ne.jp/info/033931134000000899/"
"つつみが丘歯科医院","ツツミガオカシカイイン","Z147600__矯正歯科/Z241500__歯科/","","024-0011","岩手県北上市堤ケ丘１丁目","0197-63-8129","","柳原駅/","https://itp.ne.jp/info/039355924000000899/"
"吉田歯科・矯正歯科医院","ヨシダシカキョウセイシカイイン","Z147600__矯正歯科/Z241500__歯科/","","028-0052","岩手県久慈市本町２丁目","0194-53-2589","","久慈駅/","https://itp.ne.jp/info/034664414000000899/"
"吉田歯科・矯正歯科医院","ヨシダシカキョウセイシカイイン","Z147600__矯正歯科/Z241500__歯科/","","028-0052","岩手県久慈市本町２丁目","0194-52-3260","","久慈駅/","https://itp.ne.jp/info/035740414000000899/"
"遠野歯科クリニック","トオノシカクリニツク","Z147600__矯正歯科/Z241500__歯科/","","028-0522","岩手県遠野市新穀町","0198-62-2101","","遠野駅/","https://itp.ne.jp/info/034578734000000899/"
"宮守歯科診療所","ミヤモリシカシンリョウジョ","Z147600__矯正歯科/Z241500__歯科/Z278700__小児歯科/Z243000__歯科口腔外科/","","028-0304","岩手県遠野市宮守町下宮守２９地割","0198-67-2225","","宮守駅/","https://itp.ne.jp/info/037159834000000899/"
"くぼた矯正歯科クリニック","クボタキョウセイシカクリニック","Z147600__矯正歯科/","≪一関市・矯正歯科≫　
土曜は17：00まで診療","021-0873","岩手県一関市台町","0191-26-7777","http://www.kyousei7777.com/","一ノ関駅/","https://itp.ne.jp/info/033470826175431520/"
"近江歯科医院","オウミシカイイン","Z147600__矯正歯科/Z241500__歯科/","一関文化センター前","021-0884","岩手県一関市大手町","0191-23-2252","http://www5b.biglobe.ne.jp/~oumident/","一ノ関駅/","https://itp.ne.jp/info/035155593000000899/"
"千田歯科クリニック","チダシカクリニツク","Z147600__矯正歯科/Z241500__歯科/Z278700__小児歯科/","","021-0031","岩手県一関市青葉１丁目","0191-23-2233","","一ノ関駅/","https://itp.ne.jp/info/031845593000000899/"
"佐々木歯科医院","ササキシカイイン","Z147600__矯正歯科/Z241500__歯科/Z278700__小児歯科/","","021-0031","岩手県一関市青葉２丁目","0191-21-1182","","一ノ関駅/","https://itp.ne.jp/info/032000593000000899/"
"ヨシハラ歯科医院","ヨシハラシカイイン","Z147600__矯正歯科/Z241500__歯科/Z278700__小児歯科/","","029-3101","岩手県一関市花泉町花泉字深井沢","0191-82-4008","","花泉駅/","https://itp.ne.jp/info/039778004000000899/"
"久保田歯科医院","クボタシカイイン","Z147600__矯正歯科/Z241500__歯科/Z278700__小児歯科/","","021-0882","岩手県一関市上大槻街","0191-23-2294","","一ノ関駅/","https://itp.ne.jp/info/035855593000000899/"
"歯科クレール","シカクレール","Z278700__小児歯科/Z241500__歯科/Z147600__矯正歯科/Z243000__歯科口腔外科/","","029-0131","岩手県一関市狐禅寺字石ノ瀬","0120-314471","","","https://itp.ne.jp/info/030584211106650200/"
"中央歯科クリニック","チュウオウシカクリニック","Z147600__矯正歯科/Z241500__歯科/Z243000__歯科口腔外科/Z278700__小児歯科/","","029-3101","岩手県一関市花泉町花泉字郷ノ里","0191-82-5959","","花泉駅/","https://itp.ne.jp/info/035230104000000899/"
"平成歯科医院","ヘイセイシカイイン","Z147600__矯正歯科/Z241500__歯科/Z278700__小児歯科/","","029-2205","岩手県陸前高田市高田町字栃ヶ沢","0192-55-2800","","","https://itp.ne.jp/info/036602404000000899/"
"鈴木歯科医院","スズキシカイイン","Z147600__矯正歯科/Z241500__歯科/","","026-0034","岩手県釜石市中妻町３丁目","0193-23-5908","","","https://itp.ne.jp/info/031779504000000899/"
"鈴木歯科医院","スズキシカイイン","Z147600__矯正歯科/Z241500__歯科/","","026-0034","岩手県釜石市中妻町３丁目","0120-205908","","","https://itp.ne.jp/info/036679504000000899/"
"三浦歯科クリニック","ミウラシカクリニック","Z147600__矯正歯科/Z241500__歯科/Z278700__小児歯科/","","026-0001","岩手県釜石市大字平田第３地割","0193-55-6480","","平田駅/","https://itp.ne.jp/info/033550955199171110/"
"かまいし共生会グループホームかみくり荘","カマイシキョウセイカイグループホームカミクリソウ","Z246000__施設介護サービス/","","026-0052","岩手県釜石市小佐野町２丁目","0193-23-3008","","小佐野駅/","https://itp.ne.jp/info/030543134196541850/"
"鈴木歯科医院","スズキシカイイン","Z147600__矯正歯科/Z241500__歯科/","","026-0034","岩手県釜石市中妻町３丁目","0193-23-2223","","","https://itp.ne.jp/info/038537504000000899/"
"中村矯正室","ナカムラキヨウセイシツ","Z072600__カイロプラクティック/Z329700__整体/","","028-6101","岩手県二戸市福岡字長嶺","0195-23-8837","","斗米駅/","https://itp.ne.jp/info/036855714000000899/"
"ほんだ歯科クリニック","ホンダシカクリニック","Z147600__矯正歯科/Z241500__歯科/","","028-6103","岩手県二戸市石切所字枋ノ木","0195-23-9591","","二戸駅/","https://itp.ne.jp/info/030406714000000899/"
"森川歯科医院","モリカワシカイイン","Z147600__矯正歯科/Z241500__歯科/Z278700__小児歯科/","","028-6105","岩手県二戸市堀野字大畑","0195-23-6361","","","https://itp.ne.jp/info/031563714000000899/"
"右門歯科クリニック","ウモンシカクリニック","Z147600__矯正歯科/Z241500__歯科/Z278700__小児歯科/","","028-6852","岩手県二戸市浄法寺町樋田","0195-38-2288","","","https://itp.ne.jp/info/030129814000000899/"
"菅原歯科クリニック","スガワラシカクリニック","Z147600__矯正歯科/Z241500__歯科/Z278700__小児歯科/","","028-6101","岩手県二戸市福岡字川又","0195-23-1180","","","https://itp.ne.jp/info/037288614000000899/"
"社会福祉法人共生会サンパレス","シャカイフクシホウジンキョウセイカイサンパレス","Z225600__在宅介護サービス/Z246000__施設介護サービス/Z502500__福祉施設/","","028-6103","岩手県二戸市石切所字森合","0195-25-5111","","二戸駅/","https://itp.ne.jp/info/038652826112251360/"
"社会福祉法人桂泉会共生型サービス事業所きらり","シャカイフクシホウジンケイセンカイキョウセイガタサービスジギョウショキラリ","Z502500__福祉施設/","","028-5711","岩手県二戸市金田一字八ツ長","0195-26-8606","","金田一温泉駅/","https://itp.ne.jp/info/520000253986510001/"
"山口歯科医院","ヤマグチシカイイン","Z241500__歯科/Z243000__歯科口腔外科/Z278700__小児歯科/Z147600__矯正歯科/","","028-7111","岩手県八幡平市大更第３５地割","0195-75-1166","http://www.yama-dc.com/","大更駅/","https://itp.ne.jp/info/032496124000000899/"
"国民健康保険安代診療所","コクミンケンコウホケンアシロシンリョウショ","Z147600__矯正歯科/Z241500__歯科/Z278700__小児歯科/Z440400__内科/","","028-7534","岩手県八幡平市荒屋新町","0195-72-3115","","荒屋新町駅/","https://itp.ne.jp/info/034241124000000899/"
"共生型グループホーム白山の里","キョウセイガタグループホームシロヤマノサト","Z273135__障がい者グループホーム/Z380400__認知症老人グループホーム/","","028-7112","岩手県八幡平市田頭第１２地割","0195-68-7525","","","https://itp.ne.jp/info/032081136108470600/"
"日高歯科医院","ヒタカシカイイン","Z147600__矯正歯科/Z241500__歯科/Z278700__小児歯科/","≪奥州市≫　土曜日は5時00分まで診療","023-0056","岩手県奥州市水沢字久田","0197-22-5330","","水沢駅/","https://itp.ne.jp/info/035586224000000899/"
"いとう矯正歯科クリニック","イトウキョウセイシカクリニック","Z147600__矯正歯科/Z278700__小児歯科/","","023-0865","岩手県奥州市水沢字桜屋敷","0197-51-7775","","","https://itp.ne.jp/info/030202955124441620/"
"こだま歯科クリニック","コダマシカクリニツク","Z147600__矯正歯科/Z241500__歯科/","","023-0103","岩手県奥州市水沢羽田町駅南１丁目","0197-23-4181","","水沢駅/","https://itp.ne.jp/info/030280324000000899/"
"ほうざわ歯科","ホウザワシカ","Z147600__矯正歯科/Z241500__歯科/","","023-0003","岩手県奥州市水沢佐倉河字羽黒田","0197-25-3272","","水沢駅/","https://itp.ne.jp/info/032076424000000899/"
"小野歯科医院","オノシカイイン","Z147600__矯正歯科/Z241500__歯科/Z278700__小児歯科/","","023-0806","岩手県奥州市水沢字日高西","0197-25-7890","","","https://itp.ne.jp/info/033050524000000899/"
"おぐま歯科医院","オグマシカイイン","Z147600__矯正歯科/Z241500__歯科/Z278700__小児歯科/","","023-1112","岩手県奥州市江刺南大通り","0197-35-4184","","水沢駅/","https://itp.ne.jp/info/033999524000000899/"
"たかはし歯科医院","タカハシシカイイン","Z147600__矯正歯科/Z241500__歯科/","","029-4207","岩手県奥州市前沢字平小路","0197-56-3333","","水沢駅/","https://itp.ne.jp/info/037405824000000899/"
"なつた歯科医院","ナツタシカイイン","Z147600__矯正歯科/Z241500__歯科/Z278700__小児歯科/","","023-0401","岩手県奥州市胆沢南都田字宇南田","0197-46-4710","","水沢駅/","https://itp.ne.jp/info/030767724000000899/"
"中田町歯科医院","ナカタチョウシカイイン","Z147600__矯正歯科/Z241500__歯科/Z278700__小児歯科/","","023-0826","岩手県奥州市水沢中田町","0197-23-3415","","水沢駅/","https://itp.ne.jp/info/031099224000000899/"
"さくらかわ歯科診療所","サクラカワシカシンリョウジョ","Z147600__矯正歯科/Z241500__歯科/Z278700__小児歯科/","","023-0003","岩手県奥州市水沢佐倉河字東高山","0197-51-9030","","水沢駅/","https://itp.ne.jp/info/031113024133131760/"
"ちだ歯科","チダシカ","Z147600__矯正歯科/Z241500__歯科/","","029-4211","岩手県奥州市前沢駅東３丁目","0197-41-3322","","水沢駅/","https://itp.ne.jp/info/031438624000000899/"
"さくらば歯科医院","サクラバシカイイン","Z147600__矯正歯科/Z241500__歯科/Z278700__小児歯科/","","023-0402","岩手県奥州市胆沢小山字峠","0197-47-2033","","","https://itp.ne.jp/info/031754859018821140/"
"こだま歯科クリニック","コダマシカクリニツク","Z147600__矯正歯科/Z241500__歯科/","","023-0103","岩手県奥州市水沢羽田町駅南１丁目","0197-23-4180","","水沢駅/","https://itp.ne.jp/info/032543334189430410/"
"おおたに歯科医院","オオタニシカイイン","Z147600__矯正歯科/Z241500__歯科/Z278700__小児歯科/","","023-0889","岩手県奥州市水沢字高屋敷","0197-22-8148","","水沢駅/","https://itp.ne.jp/info/034008224000000899/"
"ちば歯科医院","チバシカイイン","Z147600__矯正歯科/Z241500__歯科/Z278700__小児歯科/","","023-0865","岩手県奥州市水沢字桜屋敷","0197-51-1300","","水沢駅/","https://itp.ne.jp/info/037801824000000899/"
"三浦歯科医院","ミウラシカイイン","Z147600__矯正歯科/Z241500__歯科/Z243000__歯科口腔外科/Z278700__小児歯科/","","023-0041","岩手県奥州市水沢秋葉町","0120-849229","","水沢駅/","https://itp.ne.jp/info/038974424000000899/"
"三浦歯科医院","ミウラシカイイン","Z147600__矯正歯科/Z241500__歯科/Z243000__歯科口腔外科/Z278700__小児歯科/","","023-0041","岩手県奥州市水沢秋葉町","0197-24-9229","","水沢駅/","https://itp.ne.jp/info/034974424000000899/"
"じゅん歯科クリニック","ジュンシカクリニック","Z147600__矯正歯科/Z241500__歯科/Z243000__歯科口腔外科/Z278700__小児歯科/","","023-0872","岩手県奥州市水沢字桜屋敷西","0197-51-2118","","水沢駅/","https://itp.ne.jp/info/038922736179970240/"
"有限会社協成興業","ユウゲンガイシャキョウセイコウギョウ","Z188100__建設業/","","023-1101","岩手県奥州市江刺岩谷堂字一本松","0197-31-1711","","水沢駅/","https://itp.ne.jp/info/034324524000000899/"
"おぐま歯科医院","オグマシカイイン","Z147600__矯正歯科/Z241500__歯科/Z278700__小児歯科/","","023-1112","岩手県奥州市江刺南大通り","0197-35-8158","","水沢駅/","https://itp.ne.jp/info/033333624000000899/"
"ちば歯科医院","チバシカイイン","Z147600__矯正歯科/Z241500__歯科/Z278700__小児歯科/","","023-0865","岩手県奥州市水沢字桜屋敷","0197-51-1301","","水沢駅/","https://itp.ne.jp/info/032901824000000899/"
"ちだ歯科","チダシカ","Z241500__歯科/Z147600__矯正歯科/","","029-4211","岩手県奥州市前沢駅東３丁目","0197-41-3321","","水沢駅/","https://itp.ne.jp/info/034535902191240670/"
"おおたに歯科医院","オオタニシカイイン","Z147600__矯正歯科/Z241500__歯科/Z278700__小児歯科/","","023-0889","岩手県奥州市水沢字高屋敷","0197-22-8156","","水沢駅/","https://itp.ne.jp/info/037511031160851970/"
"有限会社協成興業","ユウゲンガイシャキョウセイコウギョウ","Z188100__建設業/","","023-1101","岩手県奥州市江刺岩谷堂字一本松","0197-31-1712","","水沢駅/","https://itp.ne.jp/info/036324524000000899/"
"たかせ歯科医院","タカセシカイイン","Z147600__矯正歯科/Z241500__歯科/Z278700__小児歯科/","平日は午後6時30分、土曜日も午後4時まで診療致します。","020-0633","岩手県滝沢市穴口","019-646-1900","http://douga-plus.itp.ne.jp/embed/MlBGNxKDw","","https://itp.ne.jp/info/037663483000000899/"
"福士歯科医院","フクシシカイイン","Z147600__矯正歯科/Z241500__歯科/Z243000__歯科口腔外科/Z278700__小児歯科/","★平日は夜7時、土曜も5時30分まで診療いたします","020-0633","岩手県滝沢市穴口","019-647-0418","http://www.fukushi-dc.com/","","https://itp.ne.jp/info/033728483000000899/"
"巣子歯科クリニック","スゴシカクリニック","Z241500__歯科/","◆土曜日17：00まで診療","020-0611","岩手県滝沢市巣子","019-688-8855","","巣子駅/","https://itp.ne.jp/info/037209293000000899/"
"ひらの歯科医院","ヒラノシカイイン","Z147600__矯正歯科/Z241500__歯科/Z278700__小児歯科/","","020-0633","岩手県滝沢市穴口","019-641-8282","","厨川駅/","https://itp.ne.jp/info/031366383000000899/"
"たきざわ駅前歯科医院","タキザワエキマエシカイイン","Z147600__矯正歯科/Z241500__歯科/Z278700__小児歯科/","","020-0621","岩手県滝沢市大崎","019-688-5580","","滝沢駅/","https://itp.ne.jp/info/033884136167030290/"
"沼田歯科クリニック","ヌマタシカクリニック","Z147600__矯正歯科/Z241500__歯科/Z278700__小児歯科/","","020-0554","岩手県岩手郡雫石町町裏","019-692-5322","","雫石駅/","https://itp.ne.jp/info/031805393000000899/"
"コアラ歯科","コアラシカ","Z147600__矯正歯科/Z241500__歯科/Z243000__歯科口腔外科/Z278700__小児歯科/","","028-5402","岩手県岩手郡葛巻町葛巻第１５地割","0195-66-4200","","","https://itp.ne.jp/info/037459024000000899/"
"沼宮内歯科医院","ヌマクナイシカイイン","Z147600__矯正歯科/Z241500__歯科/Z278700__小児歯科/","岩手郡岩手町　
歯科／小児歯科／矯正歯科","028-4303","岩手県岩手郡岩手町大字江刈内第１０地割","0195-62-2488","","いわて沼宮内駅/","https://itp.ne.jp/info/038880024000000899/"
"ムラキ歯科クリニック","ムラキシカクリニック","Z147600__矯正歯科/Z241500__歯科/Z278700__小児歯科/","","028-4307","岩手県岩手郡岩手町大字五日市第１１地割","0195-61-1011","","いわて沼宮内駅/","https://itp.ne.jp/info/034180536139030430/"
"ささき歯科クリニック","ササキシカクリニック","Z243000__歯科口腔外科/Z147600__矯正歯科/Z241500__歯科/","歯周外科手術・CTスキャン・歯科口腔外科","028-3305","岩手県紫波郡紫波町日詰字下丸森","019-671-1160","http://019-671-1160.com/","紫波中央駅/","https://itp.ne.jp/info/037448983000000899/"
"紫波中央歯科","シワチュウオウシカ","Z241500__歯科/Z278700__小児歯科/","オガールプラザ内　
紫波中央駅から徒歩2分","028-3318","岩手県紫波郡紫波町紫波中央駅前２丁目","019-601-7335","http://shiwachuo-shika.com/","紫波中央駅/","https://itp.ne.jp/info/035180456164760360/"
"つのだ歯科・矯正歯科医院","ツノダシカキョウセイシカイイン","Z147600__矯正歯科/Z241500__歯科/Z243000__歯科口腔外科/Z278700__小児歯科/","","028-3307","岩手県紫波郡紫波町桜町２丁目","0120-418414","","紫波中央駅/日詰駅/","https://itp.ne.jp/info/031913104174650720/"
"つのだ歯科・矯正歯科医院","ツノダシカキョウセイシカイイン","Z241500__歯科/","","028-3307","岩手県紫波郡紫波町桜町２丁目","019-676-5111","","紫波中央駅/日詰駅/","https://itp.ne.jp/info/036948093000000899/"
"ひづめ歯科医院","ヒヅメシカイイン","Z241500__歯科/Z147600__矯正歯科/","","028-3306","岩手県紫波郡紫波町日詰西６丁目","019-676-2700","","紫波中央駅/","https://itp.ne.jp/info/038826093000000899/"
"まさひとデンタルクリニック","マサヒトデンタルクリニック","Z147600__矯正歯科/Z241500__歯科/Z243000__歯科口腔外科/Z278700__小児歯科/","","028-3303","岩手県紫波郡紫波町高水寺字田中","019-613-6028","","古館駅/","https://itp.ne.jp/info/039291245147881740/"
"染井デンタルクリニック","ソメイデンタルクリニック","Z278700__小児歯科/Z147600__矯正歯科/Z241500__歯科/Z243000__歯科口腔外科/","◆歯科・矯正歯科・小児歯科・歯科口腔外科　
◆不来方高校正門前","028-3615","岩手県紫波郡矢巾町大字南矢幅第８地割","0800-8008418","","矢幅駅/","https://itp.ne.jp/info/038094345137931690/"
"神の前歯科医院","カミノマエシカイイン","Z241500__歯科/Z278700__小児歯科/Z147600__矯正歯科/","","028-3615","岩手県紫波郡矢巾町大字南矢幅第１３地割","0120-118647","","矢幅駅/","https://itp.ne.jp/info/036746493000000899/"
"神の前歯科医院","カミノマエシカイイン","Z147600__矯正歯科/Z241500__歯科/Z278700__小児歯科/","","028-3615","岩手県紫波郡矢巾町大字南矢幅第１３地割","019-697-6995","","矢幅駅/","https://itp.ne.jp/info/033746493000000899/"
"矢巾歯科診療所","ヤハバシカシンリョウジョ","Z278700__小児歯科/Z241500__歯科/Z147600__矯正歯科/","","028-3614","岩手県紫波郡矢巾町大字又兵エ新田第７地割","019-697-7220","","矢幅駅/","https://itp.ne.jp/info/030651458174531260/"
"染井デンタルクリニック","ソメイデンタルクリニック","Z278700__小児歯科/Z147600__矯正歯科/Z241500__歯科/Z243000__歯科口腔外科/","","028-3615","岩手県紫波郡矢巾町大字南矢幅第８地割","019-698-1111","","矢幅駅/","https://itp.ne.jp/info/036808493000000899/"
"エストエストデンタルケア（医療法人社団）","エストエストデンタルケア","Z147600__矯正歯科/Z241500__歯科/Z243000__歯科口腔外科/Z278700__小児歯科/","","028-3615","岩手県紫波郡矢巾町大字南矢幅第８地割","019-681-2299","","矢幅駅/","https://itp.ne.jp/info/038302456124571620/"
"赤坂医院歯科室","アカサカイインシカシツ","Z147600__矯正歯科/Z241500__歯科/","","029-5505","岩手県和賀郡西和賀町湯本２９地割","0197-82-2121","","","https://itp.ne.jp/info/039097234000000899/"
"平泉歯科診療所","ヒライズミシカシンリョウショ","Z147600__矯正歯科/Z241500__歯科/Z278700__小児歯科/","","029-4102","岩手県西磐井郡平泉町平泉字志羅山","0191-46-2130","","平泉駅/","https://itp.ne.jp/info/039468793000000899/"
"共生地域創造財団（公益財団法人）","キョウセイチイキソウゾウザイダン","Z038925__ＮＰＯ/Z169200__組合・団体/","","028-1115","岩手県上閉伊郡大槌町上町","0193-27-8923","","大槌駅/","https://itp.ne.jp/info/038103651193580950/"
"共生地域創造財団（公益財団法人）","キョウセイチイキソウゾウザイダン","Z038925__ＮＰＯ/Z169200__組合・団体/","","028-1115","岩手県上閉伊郡大槌町上町","0193-27-8924","","大槌駅/","https://itp.ne.jp/info/032920751193581500/"
"社会福祉法人やまだ共生会やまだ共生作業所","シャカイフクシホウジンヤマダキョウセイカイヤマダキョウセイサギョウジョ","Z273375__障がい者福祉施設/Z502500__福祉施設/","","028-1321","岩手県下閉伊郡山田町山田第１６地割","0193-82-0456","","","https://itp.ne.jp/info/033282114000000899/"
"せきね歯科医院","セキネシカイイン","Z147600__矯正歯科/Z241500__歯科/Z243000__歯科口腔外科/Z278700__小児歯科/","岩手県洋野町　せきね歯科医院　
平日19時、土曜18時まで診療","028-7914","岩手県九戸郡洋野町種市第２３地割","0194-65-4181","http://www.sekineshika.jp/","種市駅/","https://itp.ne.jp/info/033101853107741070/"
"小野寺歯科医院","オノデラシカイイン","Z243000__歯科口腔外科/Z147600__矯正歯科/Z241500__歯科/Z278700__小児歯科/","≪二戸郡一戸町高善寺≫
☆一生自分の歯で食べる喜びを応援します","028-5311","岩手県二戸郡一戸町高善寺字野田","0195-33-3050","","一戸駅/","https://itp.ne.jp/info/031305814000000899/"
